Position,Lily,ThorA,Cami
381,t,t,a
445,a,a,g
1756,c,c,t
2185,t,t,c
2232,a,a,g
2684,g,g,a
2813,c,c,t
2963,c,c,t
3029,a,a,c
3197,t,t,c
3407,c,c,t
3470,g,g,a
3599,g,g,a
4205,g,g,a
4278,a,a,g
4391,t,t,c
4518,g,g,a
4647,t,t,c
5010,c,c,t
5907,a,a,g
6258,g,g,a
6471,g,g,a
6765,c,c,t
7015,t,t,c
8102,g,g,a
8222,a,a,c
8226,t,t,c
8282,t,t,c
8324,a,a,g
8426,g,g,a
8570,a,a,g
8704,g,g,a
8737,t,t,c
8761,a,a,g
8765,g,g,t
8818,a,a,g
8878,a,a,g
8992,a,a,g
9220,a,a,g
9826,g,g,a
10261,g,g,a
10408,c,c,t
10444,t,t,c
10537,a,a,t
10546,a,a,g
10921,g,g,a
10996,g,g,a
11180,c,c,t
11254,t,t,c
11406,t,t,c
11952,a,a,g
11967,c,c,t
12669,t,t,c
12792,t,t,c
12817,g,g,a
13265,c,c,t
13598,g,g,a
13622,a,a,g
13664,c,c,t
13712,c,c,t
13781,g,g,a
14675,g,g,a
14934,t,t,c
15218,g,g,a
15439,g,g,a
15530,c,c,t
15599,c,c,t
15616,t,t,c
15636,c,c,t
15643,t,t,g
15647,a,a,g
15656,g,g,a
15804,t,t,c
15819,t,t,c
15916,c,c,t
15959,c,c,t
16007,a,a,g
16087,a,a,g
16132,g,g,a
