Sample,Chromosome,Position,Matches,Total Reads,Expected Nucleotide,Nucleotides Found
sample_1,NC_002008.4,2759,0,1467,T,A:1467
sample_1,NC_002008.4,3260,0,1370,C,A:1370
sample_1,NC_002008.4,6339,0,268,T,A:268
sample_1,NC_002008.4,7162,0,176,T,A:176
sample_1,NC_002008.4,8837,0,1462,A,"G:1461, T:1"
sample_1,NC_002008.4,12408,2888,2889,C,"C:2888, T:1"
sample_1,NC_002008.4,12549,0,2400,G,"T:2398, A:1, C:1"
sample_1,NC_002008.4,14184,0,620,C,T:620
sample_2,NC_002008.4,2759,0,288,T,A:288
sample_2,NC_002008.4,3260,0,260,C,A:260
sample_2,NC_002008.4,6339,0,40,T,A:40
sample_2,NC_002008.4,7162,0,28,T,A:28
sample_2,NC_002008.4,8837,0,261,A,G:261
sample_2,NC_002008.4,12408,377,377,C,C:377
sample_2,NC_002008.4,12549,0,324,G,T:324
sample_2,NC_002008.4,14184,0,114,C,T:114
sample_3,NC_002008.4,2759,0,63,T,A:63
sample_3,NC_002008.4,3260,0,69,C,A:69
sample_3,NC_002008.4,6339,0,7,T,A:7
sample_3,NC_002008.4,7162,0,5,T,A:5
sample_3,NC_002008.4,8837,0,57,A,"G:56, T:1"
sample_3,NC_002008.4,12408,111,111,C,C:111
sample_3,NC_002008.4,12549,0,91,G,T:91
sample_3,NC_002008.4,14184,0,24,C,T:24
sample_4,NC_002008.4,2759,0,36,T,A:36
sample_4,NC_002008.4,3260,0,23,C,A:23
sample_4,NC_002008.4,6339,0,9,T,A:9
sample_4,NC_002008.4,7162,0,3,T,A:3
sample_4,NC_002008.4,8837,0,21,A,G:21
sample_4,NC_002008.4,12408,44,44,C,C:44
sample_4,NC_002008.4,12549,0,35,G,T:35
sample_4,NC_002008.4,14184,0,12,C,T:12
sample_5,NC_002008.4,2759,0,65,T,A:65
sample_5,NC_002008.4,3260,0,44,C,A:44
sample_5,NC_002008.4,6339,0,12,T,A:12
sample_5,NC_002008.4,7162,0,2,T,A:2
sample_5,NC_002008.4,8837,0,69,A,G:69
sample_5,NC_002008.4,12408,120,120,C,C:120
sample_5,NC_002008.4,12549,0,104,G,T:104
sample_5,NC_002008.4,14184,0,18,C,T:18
sample_6,NC_002008.4,2759,0,50,T,A:50
sample_6,NC_002008.4,3260,0,41,C,A:41
sample_6,NC_002008.4,6339,0,9,T,A:9
sample_6,NC_002008.4,7162,0,4,T,A:4
sample_6,NC_002008.4,8837,0,55,A,G:55
sample_6,NC_002008.4,12408,55,55,C,C:55
sample_6,NC_002008.4,12549,0,52,G,T:52
sample_6,NC_002008.4,14184,0,11,C,T:11
sample_7,NC_002008.4,2759,0,1,T,A:1
sample_7,NC_002008.4,3260,0,1,C,A:1
sample_7,NC_002008.4,6339,0,0,T,
sample_7,NC_002008.4,7162,0,0,T,
sample_7,NC_002008.4,8837,0,1,A,G:1
sample_7,NC_002008.4,12408,1,1,C,C:1
sample_7,NC_002008.4,12549,0,1,G,T:1
sample_7,NC_002008.4,14184,0,1,C,T:1
sample_8,NC_002008.4,2759,0,88,T,A:88
sample_8,NC_002008.4,3260,0,90,C,A:90
sample_8,NC_002008.4,6339,0,21,T,A:21
sample_8,NC_002008.4,7162,0,9,T,A:9
sample_8,NC_002008.4,8837,0,91,A,G:91
sample_8,NC_002008.4,12408,141,141,C,C:141
sample_8,NC_002008.4,12549,0,103,G,T:103
sample_8,NC_002008.4,14184,0,28,C,T:28
sample_9,NC_002008.4,2759,0,56,T,A:56
sample_9,NC_002008.4,3260,0,45,C,A:45
sample_9,NC_002008.4,6339,0,7,T,A:7
sample_9,NC_002008.4,7162,0,1,T,A:1
sample_9,NC_002008.4,8837,0,42,A,G:42
sample_9,NC_002008.4,12408,87,87,C,C:87
sample_9,NC_002008.4,12549,0,58,G,T:58
sample_9,NC_002008.4,14184,0,13,C,T:13
sample_10,NC_002008.4,2759,0,70,T,A:70
sample_10,NC_002008.4,3260,0,60,C,A:60
sample_10,NC_002008.4,6339,0,12,T,A:12
sample_10,NC_002008.4,7162,0,5,T,A:5
sample_10,NC_002008.4,8837,0,61,A,G:61
sample_10,NC_002008.4,12408,103,103,C,C:103
sample_10,NC_002008.4,12549,0,77,G,T:77
sample_10,NC_002008.4,14184,0,34,C,T:34
sample_11,NC_002008.4,2759,0,20,T,A:20
sample_11,NC_002008.4,3260,0,27,C,A:27
sample_11,NC_002008.4,6339,0,2,T,A:2
sample_11,NC_002008.4,7162,0,0,T,
sample_11,NC_002008.4,8837,0,18,A,G:18
sample_11,NC_002008.4,12408,32,32,C,C:32
sample_11,NC_002008.4,12549,0,34,G,T:34
sample_11,NC_002008.4,14184,0,11,C,T:11
sample_12,NC_002008.4,2759,0,46,T,A:46
sample_12,NC_002008.4,3260,0,47,C,A:47
sample_12,NC_002008.4,6339,0,11,T,A:11
sample_12,NC_002008.4,7162,0,3,T,A:3
sample_12,NC_002008.4,8837,0,51,A,G:51
sample_12,NC_002008.4,12408,59,59,C,C:59
sample_12,NC_002008.4,12549,0,49,G,T:49
sample_12,NC_002008.4,14184,0,20,C,T:20
sample_13,NC_002008.4,2759,0,5,T,A:5
sample_13,NC_002008.4,3260,0,14,C,A:14
sample_13,NC_002008.4,6339,0,3,T,A:3
sample_13,NC_002008.4,7162,0,1,T,A:1
sample_13,NC_002008.4,8837,0,11,A,G:11
sample_13,NC_002008.4,12408,15,15,C,C:15
sample_13,NC_002008.4,12549,0,10,G,T:10
sample_13,NC_002008.4,14184,0,2,C,T:2
sample_14,NC_002008.4,2759,0,42,T,A:42
sample_14,NC_002008.4,3260,0,51,C,A:51
sample_14,NC_002008.4,6339,0,6,T,A:6
sample_14,NC_002008.4,7162,0,5,T,A:5
sample_14,NC_002008.4,8837,0,52,A,G:52
sample_14,NC_002008.4,12408,64,64,C,C:64
sample_14,NC_002008.4,12549,0,59,G,T:59
sample_14,NC_002008.4,14184,0,20,C,T:20
sample_15,NC_002008.4,2759,0,121,T,A:121
sample_15,NC_002008.4,3260,0,127,C,A:127
sample_15,NC_002008.4,6339,0,15,T,A:15
sample_15,NC_002008.4,7162,0,12,T,A:12
sample_15,NC_002008.4,8837,0,125,A,G:125
sample_15,NC_002008.4,12408,159,159,C,C:159
sample_15,NC_002008.4,12549,0,139,G,T:139
sample_15,NC_002008.4,14184,0,39,C,T:39
sample_16,NC_002008.4,2759,0,6,T,A:6
sample_16,NC_002008.4,3260,0,7,C,A:7
sample_16,NC_002008.4,6339,0,0,T,
sample_16,NC_002008.4,7162,0,0,T,
sample_16,NC_002008.4,8837,0,6,A,G:6
sample_16,NC_002008.4,12408,10,10,C,C:10
sample_16,NC_002008.4,12549,0,10,G,T:10
sample_16,NC_002008.4,14184,0,2,C,T:2
sample_17,NC_002008.4,2759,0,64,T,A:64
sample_17,NC_002008.4,3260,0,51,C,A:51
sample_17,NC_002008.4,6339,0,11,T,A:11
sample_17,NC_002008.4,7162,0,7,T,A:7
sample_17,NC_002008.4,8837,0,63,A,G:63
sample_17,NC_002008.4,12408,121,121,C,C:121
sample_17,NC_002008.4,12549,0,95,G,T:95
sample_17,NC_002008.4,14184,0,19,C,T:19
sample_18,NC_002008.4,2759,0,2,T,A:2
sample_18,NC_002008.4,3260,0,0,C,
sample_18,NC_002008.4,6339,0,1,T,A:1
sample_18,NC_002008.4,7162,0,0,T,
sample_18,NC_002008.4,8837,0,1,A,G:1
sample_18,NC_002008.4,12408,2,2,C,C:2
sample_18,NC_002008.4,12549,0,1,G,T:1
sample_18,NC_002008.4,14184,0,0,C,
sample_19,NC_002008.4,2759,0,10,T,A:10
sample_19,NC_002008.4,3260,0,13,C,A:13
sample_19,NC_002008.4,6339,0,4,T,A:4
sample_19,NC_002008.4,7162,0,3,T,A:3
sample_19,NC_002008.4,8837,0,16,A,G:16
sample_19,NC_002008.4,12408,22,22,C,C:22
sample_19,NC_002008.4,12549,0,20,G,T:20
sample_19,NC_002008.4,14184,0,7,C,T:7
sample_20,NC_002008.4,2759,0,0,T,
sample_20,NC_002008.4,3260,0,0,C,
sample_20,NC_002008.4,6339,0,0,T,
sample_20,NC_002008.4,7162,0,0,T,
sample_20,NC_002008.4,8837,0,0,A,
sample_20,NC_002008.4,12408,0,0,C,
sample_20,NC_002008.4,12549,0,0,G,
sample_20,NC_002008.4,14184,0,0,C,
sample_21,NC_002008.4,2759,0,1,T,A:1
sample_21,NC_002008.4,3260,0,2,C,A:2
sample_21,NC_002008.4,6339,0,0,T,
sample_21,NC_002008.4,7162,0,0,T,
sample_21,NC_002008.4,8837,0,5,A,G:5
sample_21,NC_002008.4,12408,4,4,C,C:4
sample_21,NC_002008.4,12549,0,4,G,T:4
sample_21,NC_002008.4,14184,0,1,C,T:1
sample_22,NC_002008.4,2759,0,98,T,A:98
sample_22,NC_002008.4,3260,0,117,C,A:117
sample_22,NC_002008.4,6339,0,12,T,A:12
sample_22,NC_002008.4,7162,0,8,T,A:8
sample_22,NC_002008.4,8837,0,130,A,G:130
sample_22,NC_002008.4,12408,167,167,C,C:167
sample_22,NC_002008.4,12549,0,128,G,T:128
sample_22,NC_002008.4,14184,0,43,C,T:43
sample_23,NC_002008.4,2759,0,145,T,A:145
sample_23,NC_002008.4,3260,0,132,C,A:132
sample_23,NC_002008.4,6339,0,21,T,A:21
sample_23,NC_002008.4,7162,0,16,T,A:16
sample_23,NC_002008.4,8837,0,154,A,G:154
sample_23,NC_002008.4,12408,207,207,C,C:207
sample_23,NC_002008.4,12549,0,176,G,T:176
sample_23,NC_002008.4,14184,0,52,C,T:52
sample_24,NC_002008.4,2759,0,84,T,A:84
sample_24,NC_002008.4,3260,0,90,C,A:90
sample_24,NC_002008.4,6339,0,16,T,A:16
sample_24,NC_002008.4,7162,0,20,T,A:20
sample_24,NC_002008.4,8837,0,80,A,G:80
sample_24,NC_002008.4,12408,134,134,C,C:134
sample_24,NC_002008.4,12549,0,105,G,T:105
sample_24,NC_002008.4,14184,0,20,C,T:20
sample_25,NC_002008.4,2759,0,0,T,
sample_25,NC_002008.4,3260,0,1,C,A:1
sample_25,NC_002008.4,6339,0,0,T,
sample_25,NC_002008.4,7162,0,1,T,A:1
sample_25,NC_002008.4,8837,0,0,A,
sample_25,NC_002008.4,12408,4,4,C,C:4
sample_25,NC_002008.4,12549,0,1,G,T:1
sample_25,NC_002008.4,14184,0,0,C,
sample_26,NC_002008.4,2759,0,13,T,A:13
sample_26,NC_002008.4,3260,0,10,C,A:10
sample_26,NC_002008.4,6339,0,1,T,A:1
sample_26,NC_002008.4,7162,0,0,T,
sample_26,NC_002008.4,8837,0,10,A,G:10
sample_26,NC_002008.4,12408,28,28,C,C:28
sample_26,NC_002008.4,12549,0,24,G,T:24
sample_26,NC_002008.4,14184,0,4,C,T:4
sample_27,NC_002008.4,2759,0,23,T,A:23
sample_27,NC_002008.4,3260,0,20,C,A:20
sample_27,NC_002008.4,6339,0,5,T,A:5
sample_27,NC_002008.4,7162,0,4,T,A:4
sample_27,NC_002008.4,8837,0,17,A,G:17
sample_27,NC_002008.4,12408,41,41,C,C:41
sample_27,NC_002008.4,12549,0,33,G,T:33
sample_27,NC_002008.4,14184,0,6,C,T:6
sample_28,NC_002008.4,2759,0,196,T,A:196
sample_28,NC_002008.4,3260,0,188,C,"A:187, G:1"
sample_28,NC_002008.4,6339,0,19,T,A:19
sample_28,NC_002008.4,7162,0,18,T,A:18
sample_28,NC_002008.4,8837,0,168,A,G:168
sample_28,NC_002008.4,12408,223,223,C,C:223
sample_28,NC_002008.4,12549,0,219,G,T:219
sample_28,NC_002008.4,14184,0,56,C,T:56
sample_29,NC_002008.4,2759,0,2,T,A:2
sample_29,NC_002008.4,3260,0,3,C,A:3
sample_29,NC_002008.4,6339,0,1,T,A:1
sample_29,NC_002008.4,7162,0,0,T,
sample_29,NC_002008.4,8837,0,1,A,G:1
sample_29,NC_002008.4,12408,2,2,C,C:2
sample_29,NC_002008.4,12549,0,3,G,T:3
sample_29,NC_002008.4,14184,0,1,C,T:1
sample_30,NC_002008.4,2759,0,0,T,
sample_30,NC_002008.4,3260,0,0,C,
sample_30,NC_002008.4,6339,0,0,T,
sample_30,NC_002008.4,7162,0,0,T,
sample_30,NC_002008.4,8837,0,0,A,
sample_30,NC_002008.4,12408,0,0,C,
sample_30,NC_002008.4,12549,0,0,G,
sample_30,NC_002008.4,14184,0,0,C,
sample_31,NC_002008.4,2759,0,0,T,
sample_31,NC_002008.4,3260,0,0,C,
sample_31,NC_002008.4,6339,0,0,T,
sample_31,NC_002008.4,7162,0,0,T,
sample_31,NC_002008.4,8837,0,1,A,T:1
sample_31,NC_002008.4,12408,0,0,C,
sample_31,NC_002008.4,12549,0,1,G,T:1
sample_31,NC_002008.4,14184,0,0,C,
sample_32,NC_002008.4,2759,0,0,T,
sample_32,NC_002008.4,3260,0,0,C,
sample_32,NC_002008.4,6339,0,0,T,
sample_32,NC_002008.4,7162,0,0,T,
sample_32,NC_002008.4,8837,0,0,A,
sample_32,NC_002008.4,12408,0,0,C,
sample_32,NC_002008.4,12549,0,0,G,
sample_32,NC_002008.4,14184,0,0,C,
sample_33,NC_002008.4,2759,0,0,T,
sample_33,NC_002008.4,3260,0,0,C,
sample_33,NC_002008.4,6339,0,0,T,
sample_33,NC_002008.4,7162,0,0,T,
sample_33,NC_002008.4,8837,0,0,A,
sample_33,NC_002008.4,12408,1,1,C,C:1
sample_33,NC_002008.4,12549,0,1,G,T:1
sample_33,NC_002008.4,14184,0,0,C,
sample_34,NC_002008.4,2759,0,0,T,
sample_34,NC_002008.4,3260,0,0,C,
sample_34,NC_002008.4,6339,0,0,T,
sample_34,NC_002008.4,7162,0,0,T,
sample_34,NC_002008.4,8837,0,0,A,
sample_34,NC_002008.4,12408,0,0,C,
sample_34,NC_002008.4,12549,0,0,G,
sample_34,NC_002008.4,14184,0,0,C,
sample_35,NC_002008.4,2759,0,0,T,
sample_35,NC_002008.4,3260,0,0,C,
sample_35,NC_002008.4,6339,0,0,T,
sample_35,NC_002008.4,7162,0,0,T,
sample_35,NC_002008.4,8837,0,0,A,
sample_35,NC_002008.4,12408,0,0,C,
sample_35,NC_002008.4,12549,0,0,G,
sample_35,NC_002008.4,14184,0,0,C,
sample_36,NC_002008.4,2759,0,141,T,A:141
sample_36,NC_002008.4,3260,0,116,C,A:116
sample_36,NC_002008.4,6339,0,15,T,A:15
sample_36,NC_002008.4,7162,0,16,T,A:16
sample_36,NC_002008.4,8837,0,127,A,G:127
sample_36,NC_002008.4,12408,167,167,C,C:167
sample_36,NC_002008.4,12549,0,128,G,T:128
sample_36,NC_002008.4,14184,0,39,C,T:39
sample_37,NC_002008.4,2759,0,277,T,A:277
sample_37,NC_002008.4,3260,0,204,C,A:204
sample_37,NC_002008.4,6339,0,41,T,A:41
sample_37,NC_002008.4,7162,0,49,T,A:49
sample_37,NC_002008.4,8837,0,257,A,G:257
sample_37,NC_002008.4,12408,379,380,C,"C:379, A:1"
sample_37,NC_002008.4,12549,0,281,G,T:281
sample_37,NC_002008.4,14184,0,93,C,T:93
sample_38,NC_002008.4,2759,0,8,T,A:8
sample_38,NC_002008.4,3260,0,3,C,A:3
sample_38,NC_002008.4,6339,0,1,T,A:1
sample_38,NC_002008.4,7162,0,1,T,A:1
sample_38,NC_002008.4,8837,0,11,A,G:11
sample_38,NC_002008.4,12408,13,13,C,C:13
sample_38,NC_002008.4,12549,0,13,G,T:13
sample_38,NC_002008.4,14184,0,0,C,
sample_40,NC_002008.4,2759,0,300,T,A:300
sample_40,NC_002008.4,3260,0,252,C,A:252
sample_40,NC_002008.4,6339,0,35,T,A:35
sample_40,NC_002008.4,7162,0,33,T,A:33
sample_40,NC_002008.4,8837,0,232,A,G:232
sample_40,NC_002008.4,12408,360,362,C,"C:360, G:1, T:1"
sample_40,NC_002008.4,12549,0,274,G,T:274
sample_40,NC_002008.4,14184,0,100,C,T:100
sample_41,NC_002008.4,2759,0,167,T,A:167
sample_41,NC_002008.4,3260,0,119,C,A:119
sample_41,NC_002008.4,6339,0,18,T,A:18
sample_41,NC_002008.4,7162,0,13,T,A:13
sample_41,NC_002008.4,8837,0,158,A,G:158
sample_41,NC_002008.4,12408,183,184,C,"C:183, T:1"
sample_41,NC_002008.4,12549,0,160,G,T:160
sample_41,NC_002008.4,14184,0,43,C,T:43
sample_42,NC_002008.4,2759,0,143,T,A:143
sample_42,NC_002008.4,3260,0,87,C,A:87
sample_42,NC_002008.4,6339,0,11,T,A:11
sample_42,NC_002008.4,7162,0,5,T,A:5
sample_42,NC_002008.4,8837,0,102,A,G:102
sample_42,NC_002008.4,12408,152,153,C,"C:152, T:1"
sample_42,NC_002008.4,12549,0,110,G,T:110
sample_42,NC_002008.4,14184,0,35,C,T:35
sample_44,NC_002008.4,2759,0,21,T,A:21
sample_44,NC_002008.4,3260,0,12,C,A:12
sample_44,NC_002008.4,6339,0,7,T,A:7
sample_44,NC_002008.4,7162,0,9,T,A:9
sample_44,NC_002008.4,8837,0,59,A,G:59
sample_44,NC_002008.4,12408,69,69,C,C:69
sample_44,NC_002008.4,12549,0,44,G,T:44
sample_44,NC_002008.4,14184,0,11,C,T:11
sample_46,NC_002008.4,2759,0,0,T,
sample_46,NC_002008.4,3260,0,0,C,
sample_46,NC_002008.4,6339,0,0,T,
sample_46,NC_002008.4,7162,0,0,T,
sample_46,NC_002008.4,8837,0,0,A,
sample_46,NC_002008.4,12408,0,0,C,
sample_46,NC_002008.4,12549,0,0,G,
sample_46,NC_002008.4,14184,0,0,C,
sample_47,NC_002008.4,2759,0,21,T,A:21
sample_47,NC_002008.4,3260,0,18,C,A:18
sample_47,NC_002008.4,6339,0,3,T,A:3
sample_47,NC_002008.4,7162,0,1,T,A:1
sample_47,NC_002008.4,8837,0,11,A,G:11
sample_47,NC_002008.4,12408,24,24,C,C:24
sample_47,NC_002008.4,12549,0,17,G,T:17
sample_47,NC_002008.4,14184,0,3,C,T:3
sample_48,NC_002008.4,2759,0,0,T,
sample_48,NC_002008.4,3260,0,0,C,
sample_48,NC_002008.4,6339,0,0,T,
sample_48,NC_002008.4,7162,0,0,T,
sample_48,NC_002008.4,8837,0,0,A,
sample_48,NC_002008.4,12408,0,0,C,
sample_48,NC_002008.4,12549,0,0,G,
sample_48,NC_002008.4,14184,0,0,C,
sample_49,NC_002008.4,2759,0,7,T,A:7
sample_49,NC_002008.4,3260,0,4,C,A:4
sample_49,NC_002008.4,6339,0,0,T,
sample_49,NC_002008.4,7162,0,0,T,
sample_49,NC_002008.4,8837,0,8,A,G:8
sample_49,NC_002008.4,12408,5,5,C,C:5
sample_49,NC_002008.4,12549,0,4,G,T:4
sample_49,NC_002008.4,14184,0,1,C,T:1
sample_50,NC_002008.4,2759,0,0,T,
sample_50,NC_002008.4,3260,0,0,C,
sample_50,NC_002008.4,6339,0,0,T,
sample_50,NC_002008.4,7162,0,0,T,
sample_50,NC_002008.4,8837,0,0,A,
sample_50,NC_002008.4,12408,0,0,C,
sample_50,NC_002008.4,12549,0,0,G,
sample_50,NC_002008.4,14184,0,0,C,
sample_51,NC_002008.4,2759,0,0,T,
sample_51,NC_002008.4,3260,0,0,C,
sample_51,NC_002008.4,6339,0,0,T,
sample_51,NC_002008.4,7162,0,0,T,
sample_51,NC_002008.4,8837,0,0,A,
sample_51,NC_002008.4,12408,0,0,C,
sample_51,NC_002008.4,12549,0,0,G,
sample_51,NC_002008.4,14184,0,0,C,
sample_52,NC_002008.4,2759,0,0,T,
sample_52,NC_002008.4,3260,0,0,C,
sample_52,NC_002008.4,6339,0,0,T,
sample_52,NC_002008.4,7162,0,0,T,
sample_52,NC_002008.4,8837,0,0,A,
sample_52,NC_002008.4,12408,0,0,C,
sample_52,NC_002008.4,12549,0,0,G,
sample_52,NC_002008.4,14184,0,0,C,
sample_53,NC_002008.4,2759,0,0,T,
sample_53,NC_002008.4,3260,0,0,C,
sample_53,NC_002008.4,6339,0,0,T,
sample_53,NC_002008.4,7162,0,0,T,
sample_53,NC_002008.4,8837,0,0,A,
sample_53,NC_002008.4,12408,0,0,C,
sample_53,NC_002008.4,12549,0,0,G,
sample_53,NC_002008.4,14184,0,0,C,
sample_54,NC_002008.4,2759,0,0,T,
sample_54,NC_002008.4,3260,0,0,C,
sample_54,NC_002008.4,6339,0,0,T,
sample_54,NC_002008.4,7162,0,0,T,
sample_54,NC_002008.4,8837,0,1,A,G:1
sample_54,NC_002008.4,12408,0,0,C,
sample_54,NC_002008.4,12549,0,0,G,
sample_54,NC_002008.4,14184,0,0,C,
sample_55,NC_002008.4,2759,0,0,T,
sample_55,NC_002008.4,3260,0,0,C,
sample_55,NC_002008.4,6339,0,0,T,
sample_55,NC_002008.4,7162,0,0,T,
sample_55,NC_002008.4,8837,0,0,A,
sample_55,NC_002008.4,12408,0,0,C,
sample_55,NC_002008.4,12549,0,0,G,
sample_55,NC_002008.4,14184,0,0,C,
sample_56,NC_002008.4,2759,0,0,T,
sample_56,NC_002008.4,3260,0,0,C,
sample_56,NC_002008.4,6339,0,0,T,
sample_56,NC_002008.4,7162,0,0,T,
sample_56,NC_002008.4,8837,0,1,A,G:1
sample_56,NC_002008.4,12408,2,2,C,C:2
sample_56,NC_002008.4,12549,0,2,G,T:2
sample_56,NC_002008.4,14184,0,1,C,T:1
sample_57,NC_002008.4,2759,0,2,T,A:2
sample_57,NC_002008.4,3260,0,4,C,A:4
sample_57,NC_002008.4,6339,0,0,T,
sample_57,NC_002008.4,7162,0,0,T,
sample_57,NC_002008.4,8837,0,3,A,G:3
sample_57,NC_002008.4,12408,9,9,C,C:9
sample_57,NC_002008.4,12549,0,4,G,T:4
sample_57,NC_002008.4,14184,0,1,C,T:1
sample_59,NC_002008.4,2759,0,5,T,A:5
sample_59,NC_002008.4,3260,0,4,C,A:4
sample_59,NC_002008.4,6339,0,0,T,
sample_59,NC_002008.4,7162,0,2,T,A:2
sample_59,NC_002008.4,8837,0,3,A,G:3
sample_59,NC_002008.4,12408,7,7,C,C:7
sample_59,NC_002008.4,12549,0,3,G,T:3
sample_59,NC_002008.4,14184,0,0,C,
sample_60,NC_002008.4,2759,0,0,T,
sample_60,NC_002008.4,3260,0,0,C,
sample_60,NC_002008.4,6339,0,0,T,
sample_60,NC_002008.4,7162,0,0,T,
sample_60,NC_002008.4,8837,0,0,A,
sample_60,NC_002008.4,12408,1,1,C,C:1
sample_60,NC_002008.4,12549,0,0,G,
sample_60,NC_002008.4,14184,0,0,C,
sample_61,NC_002008.4,2759,0,2,T,A:2
sample_61,NC_002008.4,3260,0,1,C,A:1
sample_61,NC_002008.4,6339,0,0,T,
sample_61,NC_002008.4,7162,0,0,T,
sample_61,NC_002008.4,8837,0,1,A,G:1
sample_61,NC_002008.4,12408,0,0,C,
sample_61,NC_002008.4,12549,0,0,G,
sample_61,NC_002008.4,14184,0,0,C,
sample_62,NC_002008.4,2759,0,1,T,A:1
sample_62,NC_002008.4,3260,0,0,C,
sample_62,NC_002008.4,6339,0,0,T,
sample_62,NC_002008.4,7162,0,0,T,
sample_62,NC_002008.4,8837,0,0,A,
sample_62,NC_002008.4,12408,1,1,C,C:1
sample_62,NC_002008.4,12549,0,1,G,T:1
sample_62,NC_002008.4,14184,0,0,C,
sample_63,NC_002008.4,2759,0,1,T,A:1
sample_63,NC_002008.4,3260,0,0,C,
sample_63,NC_002008.4,6339,0,0,T,
sample_63,NC_002008.4,7162,0,0,T,
sample_63,NC_002008.4,8837,0,0,A,
sample_63,NC_002008.4,12408,0,0,C,
sample_63,NC_002008.4,12549,0,0,G,
sample_63,NC_002008.4,14184,0,0,C,
sample_64,NC_002008.4,2759,0,1,T,A:1
sample_64,NC_002008.4,3260,0,0,C,
sample_64,NC_002008.4,6339,0,0,T,
sample_64,NC_002008.4,7162,0,0,T,
sample_64,NC_002008.4,8837,0,0,A,
sample_64,NC_002008.4,12408,0,0,C,
sample_64,NC_002008.4,12549,0,1,G,T:1
sample_64,NC_002008.4,14184,0,0,C,
sample_65,NC_002008.4,2759,0,1,T,A:1
sample_65,NC_002008.4,3260,0,0,C,
sample_65,NC_002008.4,6339,0,0,T,
sample_65,NC_002008.4,7162,0,0,T,
sample_65,NC_002008.4,8837,0,0,A,
sample_65,NC_002008.4,12408,1,1,C,C:1
sample_65,NC_002008.4,12549,0,1,G,T:1
sample_65,NC_002008.4,14184,0,0,C,
sample_66,NC_002008.4,2759,0,0,T,
sample_66,NC_002008.4,3260,0,0,C,
sample_66,NC_002008.4,6339,0,0,T,
sample_66,NC_002008.4,7162,0,0,T,
sample_66,NC_002008.4,8837,0,1,A,G:1
sample_66,NC_002008.4,12408,0,0,C,
sample_66,NC_002008.4,12549,0,0,G,
sample_66,NC_002008.4,14184,0,0,C,
sample_67,NC_002008.4,2759,0,3,T,A:3
sample_67,NC_002008.4,3260,0,4,C,A:4
sample_67,NC_002008.4,6339,0,0,T,
sample_67,NC_002008.4,7162,0,0,T,
sample_67,NC_002008.4,8837,0,0,A,
sample_67,NC_002008.4,12408,3,3,C,C:3
sample_67,NC_002008.4,12549,0,4,G,T:4
sample_67,NC_002008.4,14184,0,0,C,
sample_68,NC_002008.4,2759,0,0,T,
sample_68,NC_002008.4,3260,0,1,C,A:1
sample_68,NC_002008.4,6339,0,0,T,
sample_68,NC_002008.4,7162,0,0,T,
sample_68,NC_002008.4,8837,0,0,A,
sample_68,NC_002008.4,12408,1,1,C,C:1
sample_68,NC_002008.4,12549,0,1,G,T:1
sample_68,NC_002008.4,14184,0,0,C,
sample_69,NC_002008.4,2759,0,10,T,A:10
sample_69,NC_002008.4,3260,0,4,C,A:4
sample_69,NC_002008.4,6339,0,1,T,A:1
sample_69,NC_002008.4,7162,0,0,T,
sample_69,NC_002008.4,8837,0,4,A,G:4
sample_69,NC_002008.4,12408,7,7,C,C:7
sample_69,NC_002008.4,12549,0,8,G,T:8
sample_69,NC_002008.4,14184,0,2,C,T:2
sample_70,NC_002008.4,2759,0,0,T,
sample_70,NC_002008.4,3260,0,0,C,
sample_70,NC_002008.4,6339,0,1,T,A:1
sample_70,NC_002008.4,7162,0,0,T,
sample_70,NC_002008.4,8837,0,2,A,G:2
sample_70,NC_002008.4,12408,0,0,C,
sample_70,NC_002008.4,12549,0,0,G,
sample_70,NC_002008.4,14184,0,0,C,
sample_71,NC_002008.4,2759,0,0,T,
sample_71,NC_002008.4,3260,0,1,C,A:1
sample_71,NC_002008.4,6339,0,0,T,
sample_71,NC_002008.4,7162,0,0,T,
sample_71,NC_002008.4,8837,0,1,A,G:1
sample_71,NC_002008.4,12408,0,0,C,
sample_71,NC_002008.4,12549,0,1,G,T:1
sample_71,NC_002008.4,14184,0,0,C,
sample_72,NC_002008.4,2759,0,2,T,A:2
sample_72,NC_002008.4,3260,0,0,C,
sample_72,NC_002008.4,6339,0,0,T,
sample_72,NC_002008.4,7162,0,1,T,A:1
sample_72,NC_002008.4,8837,0,4,A,G:4
sample_72,NC_002008.4,12408,8,8,C,C:8
sample_72,NC_002008.4,12549,0,9,G,T:9
sample_72,NC_002008.4,14184,0,2,C,T:2
sample_73,NC_002008.4,2759,0,2,T,A:2
sample_73,NC_002008.4,3260,0,1,C,A:1
sample_73,NC_002008.4,6339,0,1,T,A:1
sample_73,NC_002008.4,7162,0,0,T,
sample_73,NC_002008.4,8837,0,2,A,G:2
sample_73,NC_002008.4,12408,6,6,C,C:6
sample_73,NC_002008.4,12549,0,3,G,T:3
sample_73,NC_002008.4,14184,0,1,C,T:1
sample_74,NC_002008.4,2759,0,1,T,A:1
sample_74,NC_002008.4,3260,0,1,C,A:1
sample_74,NC_002008.4,6339,0,0,T,
sample_74,NC_002008.4,7162,0,1,T,A:1
sample_74,NC_002008.4,8837,0,0,A,
sample_74,NC_002008.4,12408,1,1,C,C:1
sample_74,NC_002008.4,12549,0,1,G,T:1
sample_74,NC_002008.4,14184,0,0,C,
sample_75,NC_002008.4,2759,0,14,T,A:14
sample_75,NC_002008.4,3260,0,8,C,A:8
sample_75,NC_002008.4,6339,0,4,T,A:4
sample_75,NC_002008.4,7162,0,4,T,A:4
sample_75,NC_002008.4,8837,0,13,A,G:13
sample_75,NC_002008.4,12408,17,17,C,C:17
sample_75,NC_002008.4,12549,0,12,G,T:12
sample_75,NC_002008.4,14184,0,1,C,T:1
sample_76,NC_002008.4,2759,0,0,T,
sample_76,NC_002008.4,3260,0,0,C,
sample_76,NC_002008.4,6339,0,0,T,
sample_76,NC_002008.4,7162,0,0,T,
sample_76,NC_002008.4,8837,0,0,A,
sample_76,NC_002008.4,12408,0,0,C,
sample_76,NC_002008.4,12549,0,0,G,
sample_76,NC_002008.4,14184,0,0,C,
sample_77,NC_002008.4,2759,0,11,T,A:11
sample_77,NC_002008.4,3260,0,12,C,A:12
sample_77,NC_002008.4,6339,0,1,T,A:1
sample_77,NC_002008.4,7162,0,1,T,A:1
sample_77,NC_002008.4,8837,0,14,A,G:14
sample_77,NC_002008.4,12408,24,24,C,C:24
sample_77,NC_002008.4,12549,0,20,G,T:20
sample_77,NC_002008.4,14184,0,4,C,T:4
sample_78,NC_002008.4,2759,0,0,T,
sample_78,NC_002008.4,3260,0,0,C,
sample_78,NC_002008.4,6339,0,0,T,
sample_78,NC_002008.4,7162,0,0,T,
sample_78,NC_002008.4,8837,0,0,A,
sample_78,NC_002008.4,12408,1,1,C,C:1
sample_78,NC_002008.4,12549,0,0,G,
sample_78,NC_002008.4,14184,0,0,C,
sample_79,NC_002008.4,2759,0,3,T,A:3
sample_79,NC_002008.4,3260,0,2,C,A:2
sample_79,NC_002008.4,6339,0,0,T,
sample_79,NC_002008.4,7162,0,1,T,A:1
sample_79,NC_002008.4,8837,0,3,A,G:3
sample_79,NC_002008.4,12408,4,4,C,C:4
sample_79,NC_002008.4,12549,0,4,G,T:4
sample_79,NC_002008.4,14184,0,0,C,
sample_80,NC_002008.4,2759,0,0,T,
sample_80,NC_002008.4,3260,0,0,C,
sample_80,NC_002008.4,6339,0,0,T,
sample_80,NC_002008.4,7162,0,0,T,
sample_80,NC_002008.4,8837,0,0,A,
sample_80,NC_002008.4,12408,0,0,C,
sample_80,NC_002008.4,12549,0,0,G,
sample_80,NC_002008.4,14184,0,0,C,
sample_81,NC_002008.4,2759,0,3,T,A:3
sample_81,NC_002008.4,3260,0,1,C,A:1
sample_81,NC_002008.4,6339,0,0,T,
sample_81,NC_002008.4,7162,0,0,T,
sample_81,NC_002008.4,8837,0,1,A,G:1
sample_81,NC_002008.4,12408,1,1,C,C:1
sample_81,NC_002008.4,12549,0,3,G,T:3
sample_81,NC_002008.4,14184,0,1,C,T:1
sample_82,NC_002008.4,2759,0,1,T,A:1
sample_82,NC_002008.4,3260,0,1,C,A:1
sample_82,NC_002008.4,6339,0,0,T,
sample_82,NC_002008.4,7162,0,0,T,
sample_82,NC_002008.4,8837,0,0,A,
sample_82,NC_002008.4,12408,0,0,C,
sample_82,NC_002008.4,12549,0,0,G,
sample_82,NC_002008.4,14184,0,1,C,T:1
sample_83,NC_002008.4,2759,0,0,T,
sample_83,NC_002008.4,3260,0,0,C,
sample_83,NC_002008.4,6339,0,0,T,
sample_83,NC_002008.4,7162,0,0,T,
sample_83,NC_002008.4,8837,0,0,A,
sample_83,NC_002008.4,12408,0,0,C,
sample_83,NC_002008.4,12549,0,0,G,
sample_83,NC_002008.4,14184,0,0,C,
