Position,Anda,Charlie,Cami
16,t,c,c
381,t,a,a
1454,g,a,a
1756,c,t,t
2232,a,g,g
2683,g,a,a
2962,c,t,t
3196,t,c,c
3406,c,t,t
3469,g,a,a
3598,g,a,a
4517,g,a,a
5009,c,t,t
6257,g,a,a
6470,g,a,a
7308,g,a,a
8221,a,c,c
8225,t,c,c
8281,t,c,c
8323,a,g,g
8425,g,a,a
8703,g,a,a
8760,a,g,g
8764,g,t,t
8877,a,g,g
8991,a,g,g
10404,c,t,t
10533,a,t,t
10917,g,a,a
10992,g,a,a
11250,t,c,c
11402,t,c,c
11963,c,t,t
12788,t,c,c
12813,g,a,a
13261,c,t,t
13618,a,g,g
13660,c,t,t
13708,c,t,t
13777,g,a,a
15214,g,a,a
15435,g,a,a
15526,c,t,t
15639,t,g,g
15800,t,c,c
15912,c,t,t
15955,c,t,t
16003,a,g,g
16025,c,t,t
