Position,Anda,Cami,Charlie,Fritzy,Heidi,Lily,ThorA,ThorB,Urza,Vito,D93_A1a,D69_A1a,D89_A1a,D59_A1a,D18_A1a,D31_B,KM061535.1_C,GSD_19.5_Sisimiut,C62_A1a
463,t,t,t,t,t,n,t,t,t,t,c,t,t,t,t,t,t,t,t
557,a,a,n,a,a,n,a,a,a,a,a,a,a,a,a,a,g,a,a
1351,a,a,a,n,a,a,a,a,a,a,a,g,a,a,a,a,a,a,a
1582,a,a,a,n,a,n,g,a,a,a,a,a,a,a,a,a,a,a,a
1591,t,t,t,n,t,n,t,t,t,t,t,t,a,t,t,t,t,t,t
2678,t,t,t,t,t,t,t,t,t,t,t,t,t,t,t,t,t,-,t
2679,g,g,g,g,g,g,g,g,g,g,g,g,g,g,g,g,g,g,-
2759,c,c,c,c,c,c,c,c,c,t,c,c,c,c,c,c,c,c,c
3248,t,t,t,t,t,t,t,c,t,t,t,t,t,t,t,t,t,t,t
3260,t,t,t,t,t,t,t,t,t,c,t,t,t,t,t,t,t,t,t
3956,g,g,g,g,g,g,a,g,g,g,g,g,g,g,g,g,g,g,g
3976,t,t,t,c,t,t,t,t,t,t,t,t,t,t,t,t,t,t,t
4119,t,t,t,t,t,c,t,t,t,t,t,t,t,t,t,t,t,t,t
4598,a,a,n,a,a,a,a,a,a,a,a,a,a,a,a,a,g,a,a
4922,a,a,a,a,a,a,a,t,a,a,a,a,a,a,a,a,a,a,a
5036,t,t,t,t,t,n,t,t,t,t,t,t,c,t,t,t,t,t,t
6339,c,c,c,c,c,c,c,c,c,t,c,c,c,c,c,c,c,c,c
6684,t,t,t,t,t,t,t,t,c,t,t,t,t,t,t,t,t,t,t
6948,t,t,t,t,t,t,c,t,t,t,t,t,t,t,t,t,t,t,t
6968,a,a,a,a,a,a,a,a,a,a,g,a,a,a,a,a,a,a,a
7162,c,c,c,c,c,c,c,c,c,t,c,c,c,c,c,c,c,c,c
7170,t,t,t,t,t,t,t,t,t,t,t,t,c,t,t,t,t,t,t
7172,g,g,g,g,g,g,g,g,g,g,g,g,g,a,g,g,g,g,g
7309,g,a,a,a,a,a,a,a,a,a,a,a,a,a,a,a,a,a,a
7838,t,t,n,t,t,n,t,t,t,t,t,t,t,t,t,t,t,t,c
8526,a,a,a,a,a,a,a,a,a,a,a,a,a,a,a,a,a,g,a
8791,c,c,c,c,c,c,c,c,c,c,c,c,c,c,c,c,c,c,t
8837,g,g,g,g,g,g,g,g,g,a,g,g,g,g,g,g,g,g,g
8985,g,g,g,g,g,g,g,g,g,g,g,g,g,g,g,g,g,g,c
9043,c,c,c,c,c,c,c,c,c,c,c,c,c,c,t,c,c,c,c
9914,t,t,t,t,t,n,t,t,t,t,t,t,t,t,t,t,t,t,-
9915,g,g,g,g,g,n,g,g,g,g,g,g,g,g,g,g,g,g,-
10615,a,a,a,n,a,n,a,a,a,a,a,t,a,a,a,a,a,a,a
11282,c,c,c,c,c,c,c,c,c,c,c,c,c,c,c,c,t,c,c
11533,c,c,c,c,c,c,t,c,c,c,c,c,c,c,c,c,c,c,c
12303,c,c,c,c,c,c,c,c,c,c,c,c,c,c,c,c,c,c,t
12408,t,t,t,t,t,t,t,t,t,c,t,t,t,t,t,t,t,t,t
12549,a,a,a,a,a,a,a,a,a,g,a,a,a,a,a,a,a,a,a
13106,t,t,t,t,t,t,t,t,t,t,t,t,t,c,t,t,t,t,t
14184,t,t,t,t,t,t,t,t,t,c,t,t,t,t,t,t,t,t,t
14538,g,g,g,g,g,g,g,g,a,g,g,g,g,g,g,g,g,g,g
14981,t,t,t,n,t,t,t,t,t,t,t,c,t,t,t,t,t,t,t
15198,a,a,a,a,a,a,a,a,a,a,a,a,a,a,g,a,a,a,a
15479,t,t,t,t,t,t,t,t,c,t,t,t,t,t,t,t,t,t,t
15517,g,g,g,g,g,g,g,a,g,g,g,g,g,g,g,g,g,g,g
15557,a,a,a,a,a,a,a,a,a,a,a,a,a,a,a,g,a,a,a
15754,c,c,c,c,c,c,c,c,t,c,c,c,c,c,c,c,c,c,c
