Position,Anda,Cami,Charlie,Fritzy,Heidi,Lily,ThorA,ThorB,Urza,Vito
1046,g,g,a,g,g,g,g,g,g,g
1204,t,t,c,t,t,n,t,t,t,t
1582,a,a,a,n,a,n,g,a,a,a
1662,c,c,c,c,t,n,c,c,c,c
1709,g,g,a,n,g,n,n,g,g,g
1748,t,t,c,n,t,t,t,t,t,t
2759,c,c,c,c,c,c,c,c,c,t
2834,c,c,c,c,c,c,c,c,t,c
3182,g,g,a,g,g,g,g,g,g,g
3248,t,t,t,t,t,t,t,c,t,t
3260,t,t,t,t,t,t,t,t,t,c
3956,g,g,g,g,g,g,a,g,g,g
3976,t,t,t,c,t,t,t,t,t,t
4119,t,t,t,t,t,c,t,t,t,t
4136,c,c,c,c,t,c,c,c,c,c
4170,a,a,a,a,g,a,a,a,a,a
4235,c,c,t,c,c,c,c,c,c,c
4304,a,a,a,g,a,a,a,a,a,a
4504,a,a,g,a,a,a,a,a,a,a
4573,t,t,n,t,c,t,t,t,t,t
4922,a,a,a,a,a,a,a,t,a,a
4941,t,t,t,c,t,t,t,t,t,t
5625,g,g,a,g,g,g,g,g,g,g
5856,c,c,c,c,t,c,n,c,n,c
5907,a,g,a,a,a,a,a,a,a,a
6303,a,a,a,a,a,a,a,a,g,a
6339,c,c,c,c,c,c,c,c,c,t
6402,c,c,c,t,c,c,c,c,c,c
6519,g,g,g,g,a,g,g,g,g,g
6555,t,t,t,c,t,t,t,t,t,t
6684,t,t,t,t,t,t,t,t,c,t
6948,t,t,t,t,t,t,c,t,t,t
7059,t,t,c,t,t,t,t,t,t,t
7113,a,a,g,a,a,a,a,a,a,a
7162,c,c,c,c,c,c,c,c,c,t
7187,c,c,a,c,c,c,c,c,c,c
7309,g,a,a,a,a,a,a,a,a,a
7384,a,a,a,a,a,a,a,a,g,a
7594,t,t,t,c,t,t,t,t,t,t
7924,t,t,t,t,c,n,t,t,t,t
8243,g,g,g,g,g,g,g,g,a,g
8837,g,g,g,g,g,g,g,g,g,a
9223,c,c,t,c,c,c,c,c,c,c
9709,c,c,t,c,c,c,c,c,c,c
9839,g,g,g,g,a,g,g,g,g,g
9862,-,-,a,-,-,-,-,-,-,-
9898,t,t,t,t,t,t,t,t,c,t
10350,c,c,c,c,t,c,c,c,c,c
10617,a,a,a,n,g,n,a,a,a,a
10780,t,t,c,t,t,n,t,t,t,t
10789,a,a,g,a,a,a,a,a,a,a
10867,a,a,g,a,a,a,a,a,a,a
11176,a,a,a,a,g,a,a,a,a,a
11326,t,t,c,t,t,t,t,t,t,t
11404,t,t,c,t,t,t,t,t,t,t
11533,c,c,c,c,c,c,t,c,c,c
11576,a,a,c,a,a,a,a,a,a,a
11661,c,c,c,c,c,c,c,c,a,c
11817,a,a,a,a,a,n,a,a,g,a
11843,t,t,c,t,t,n,t,t,t,t
12067,g,g,g,g,a,g,g,g,g,g
12126,c,c,t,c,c,c,c,c,c,c
12276,t,t,c,t,t,t,t,t,t,t
12334,a,a,g,a,a,a,a,a,a,a
12405,t,t,t,t,c,t,t,t,t,t
12408,t,t,t,t,t,t,t,t,t,c
12549,a,a,a,a,a,a,a,a,a,g
12640,t,t,c,t,t,t,t,t,t,t
13116,g,g,a,g,g,g,g,g,g,g
14184,t,t,t,t,t,t,t,t,t,c
14538,g,g,g,g,g,g,g,g,a,g
14612,a,a,g,a,a,a,a,a,a,a
14651,t,t,c,t,t,t,t,t,t,t
14696,g,g,a,g,g,g,g,g,g,g
15189,t,t,c,t,t,t,t,t,t,t
15479,t,t,t,t,t,t,t,t,c,t
15487,c,c,c,c,t,c,c,c,c,c
15512,c,c,t,c,c,c,c,c,c,c
15517,g,g,g,g,g,g,g,a,g,g
15615,t,t,c,t,t,t,t,t,t,t
15624,t,t,t,c,t,t,t,t,t,t
15629,t,t,t,t,t,c,t,t,t,t
15654,t,t,c,t,t,t,t,t,t,t
15754,c,c,c,c,c,c,c,c,t,c
15936,g,g,a,g,g,g,g,g,g,g
