Position,Anda,D89_A1a,GSD_19.5_Sisimiut,ThorA,Cami,D31_B,ThorB,Charlie,KM061497.1_C,KM061535.1_C,Fritzy,D69_A1a,Heidi,D90_A1a,D93_A1a,Lily,D59_A1a,KU290986_A1a.1,ThorA,GSD_QSON_Qaanaaq,Anda,ThorB,D31_B,D33_B,Cami,Urza,D07_A1a,D18_A1a,D27_A,Vito,ASHQ08_A1a,C62_A1a
16,t,t,t,n,c,c,c,c,c,c,n,t,t,t,t,n,t,t,n,t,t,c,c,c,c,t,t,t,t,t,t,t
88,c,c,c,c,c,c,c,c,c,c,c,c,c,c,c,c,c,c,c,c,c,c,c,c,c,c,c,c,c,c,t,c
132,c,c,c,c,c,c,c,c,c,c,c,c,c,c,c,c,c,c,c,c,c,c,c,c,c,c,c,c,t,c,c,c
381,t,t,t,t,a,a,a,a,a,a,t,t,t,t,t,t,t,t,t,t,t,a,a,a,a,t,t,t,t,t,t,t
445,a,a,a,a,g,g,g,a,a,a,a,a,a,a,a,n,a,a,a,a,a,g,g,g,g,a,a,a,a,a,a,a
463,t,t,t,t,t,t,t,t,t,t,t,t,t,t,c,n,t,t,t,t,t,t,t,t,t,t,t,t,t,t,t,t
557,a,a,a,a,a,a,a,n,g,g,a,a,a,a,a,n,a,a,a,a,a,a,a,a,a,a,a,a,a,a,a,a
1046,g,g,g,g,g,g,g,a,a,a,g,g,g,g,g,g,g,g,g,g,g,g,g,g,g,g,g,g,g,g,g,g
1204,t,t,t,t,t,t,t,c,c,c,t,t,t,t,t,n,t,t,t,t,t,t,t,t,t,t,t,t,t,t,t,t
1351,a,a,a,a,a,a,a,a,a,a,n,g,a,a,a,a,a,a,a,a,a,a,a,a,a,a,a,a,a,a,a,a
1392,t,t,t,t,t,t,t,t,c,t,t,t,t,t,t,n,t,t,t,t,t,t,t,t,t,t,t,t,t,t,t,t
1454,g,g,g,n,a,a,a,n,a,a,g,g,g,g,g,n,g,g,n,g,g,a,a,a,a,g,g,g,g,g,g,g
1522,n,g,g,n,n,g,g,n,g,g,n,g,g,g,g,n,g,g,n,g,n,g,g,g,n,g,a,g,g,g,g,g
1582,a,a,a,g,a,a,a,a,a,a,n,a,a,a,a,n,a,a,g,a,a,a,a,a,a,a,a,a,a,a,a,a
1591,t,a,t,t,t,t,t,t,t,t,n,t,t,t,t,n,t,t,t,t,t,t,t,t,t,t,t,t,t,t,t,t
1662,c,c,c,c,c,c,c,c,c,c,c,c,t,t,t,n,c,c,c,c,c,c,c,c,c,c,c,c,c,c,c,c
1709,g,g,g,n,g,g,g,a,a,a,n,g,g,g,g,n,g,g,n,g,g,g,g,g,g,g,g,g,g,g,g,g
1748,t,t,t,t,t,t,t,c,c,c,n,t,t,t,t,t,t,t,t,t,t,t,t,t,t,t,t,t,t,t,t,t
1756,c,c,c,c,t,t,t,t,t,t,c,c,c,c,c,c,c,c,c,c,c,t,t,t,t,c,c,c,c,c,c,c
2185,t,t,t,t,c,c,c,t,t,t,t,t,t,t,t,t,t,t,t,t,t,c,c,c,c,t,t,t,t,t,t,t
2232,a,a,a,a,g,g,g,g,g,g,a,a,a,a,a,a,a,a,a,a,a,g,g,g,g,a,a,a,a,a,a,a
2675,g,g,-,g,g,g,g,g,g,g,g,g,g,g,g,g,g,g,g,-,g,g,g,g,g,g,g,g,g,g,g,g
2678,t,t,g,t,t,t,t,t,t,t,t,t,t,t,t,t,t,t,t,t,t,t,t,t,t,t,t,t,t,t,t,t
2679,g,g,g,g,g,g,g,g,g,g,g,g,g,g,g,g,g,-,g,g,g,g,g,g,g,g,g,g,g,g,-,-
2684,g,g,g,g,a,a,a,a,a,a,a,a,a,a,a,g,g,g,g,g,g,a,a,a,a,a,a,a,a,a,a,a
2759,c,c,c,c,c,c,c,c,c,c,c,c,c,c,c,c,c,c,c,c,c,c,c,c,c,c,c,c,c,t,c,c
2813,c,c,c,c,t,t,t,c,c,c,c,c,c,c,c,c,c,c,c,c,c,t,t,t,t,c,c,c,c,c,c,c
2834,c,c,c,c,c,c,c,c,c,c,c,c,c,c,c,c,c,c,c,c,c,c,c,c,c,t,t,t,t,c,c,c
2963,c,c,c,c,t,t,t,t,t,t,t,t,t,t,t,c,c,c,c,c,c,t,t,t,t,t,t,t,t,t,t,t
3029,a,a,a,a,c,c,c,a,a,a,a,a,a,a,a,a,a,a,a,a,a,c,c,c,c,a,a,a,a,a,a,a
3182,g,g,g,g,g,g,g,a,g,a,g,g,g,g,g,g,g,g,g,g,g,g,g,g,g,g,g,g,g,g,g,g
3197,t,t,t,t,c,c,c,c,c,c,c,c,c,c,c,t,t,t,t,t,t,c,c,c,c,c,c,c,c,c,c,c
3248,t,t,t,t,t,t,c,t,t,t,t,t,t,t,t,t,t,t,t,t,t,c,t,t,t,t,t,t,t,t,t,t
3260,t,t,t,t,t,t,t,t,t,t,t,t,t,t,t,t,t,t,t,t,t,t,t,t,t,t,t,t,t,c,t,t
3407,c,c,c,c,t,t,t,t,t,t,c,c,c,c,c,c,c,c,c,c,c,t,t,t,t,c,c,c,c,c,c,c
3470,g,g,g,g,a,a,a,a,a,a,g,g,g,g,g,g,g,g,g,g,g,a,a,a,a,g,g,g,g,g,g,g
3599,g,g,g,g,a,a,a,a,a,a,g,g,g,g,g,g,g,g,g,g,g,a,a,a,a,g,g,g,g,g,g,g
3677,c,c,c,c,c,c,c,c,c,c,c,c,c,c,c,c,c,c,c,c,c,c,c,c,c,c,t,c,c,c,c,c
3956,g,g,g,a,g,g,g,g,g,g,g,g,g,g,g,g,g,g,a,g,g,g,g,g,g,g,g,g,g,g,g,g
3976,t,t,t,t,t,t,t,t,t,t,c,t,t,t,t,t,t,t,t,t,t,t,t,t,t,t,t,t,t,t,t,t
4119,t,t,t,t,t,t,t,t,t,t,t,t,t,t,t,c,t,t,t,t,t,t,t,t,t,t,t,t,t,t,t,t
4136,c,c,c,c,c,c,c,c,c,c,c,c,t,c,t,c,c,c,c,c,c,c,c,c,c,c,c,c,c,c,c,c
4170,a,a,a,a,a,a,a,a,a,a,a,a,g,g,g,a,a,a,a,a,a,a,a,a,a,a,a,a,a,a,a,a
4205,g,g,g,g,a,a,a,g,g,g,g,g,g,g,g,g,g,g,g,g,g,a,a,a,a,g,g,g,g,g,g,g
4235,c,c,c,c,c,c,c,t,t,t,c,c,c,c,c,c,c,c,c,c,c,c,c,c,c,c,c,c,c,c,c,c
4278,a,a,a,a,g,g,g,a,a,a,a,a,a,a,a,a,a,a,a,a,a,g,g,g,g,a,a,a,a,a,a,a
4304,a,a,a,a,a,a,a,a,a,a,g,g,a,a,a,a,a,a,a,a,a,a,a,a,a,a,a,a,a,a,a,a
4391,t,t,t,t,c,c,c,t,t,t,t,t,t,t,t,t,t,t,t,t,t,c,c,c,c,t,t,t,t,t,t,t
4504,a,a,a,a,a,a,a,g,a,g,a,a,a,a,a,a,a,a,a,a,a,a,a,a,a,a,a,a,a,a,a,a
4518,g,g,g,g,a,a,a,a,a,a,g,g,g,g,g,g,g,g,g,g,g,a,a,a,a,g,g,g,g,g,g,g
4573,t,t,t,t,t,t,t,n,t,t,t,t,c,c,c,t,t,t,t,t,t,t,t,t,t,t,t,t,t,t,t,t
4598,a,a,a,a,a,a,a,n,a,g,a,a,a,a,a,a,a,a,a,a,a,a,a,a,a,a,a,a,a,a,a,a
4647,t,t,t,t,c,c,c,t,t,t,t,t,t,t,t,t,t,t,t,t,t,c,c,c,c,t,t,t,t,t,t,t
4710,a,a,a,a,a,a,a,a,a,a,n,a,a,a,a,a,a,a,a,a,a,a,a,g,a,a,a,a,a,a,a,a
4922,a,a,a,a,a,a,t,a,a,a,a,a,a,a,a,a,a,a,a,a,a,t,a,a,a,a,a,a,a,a,a,a
4941,t,t,t,t,t,t,t,t,t,t,c,c,t,t,t,t,t,t,t,t,t,t,t,t,t,t,t,t,c,t,t,t
5010,c,c,c,c,t,t,t,t,t,t,c,c,c,c,c,c,c,c,c,c,c,t,t,t,t,c,c,c,c,c,c,c
5036,t,c,t,t,t,t,t,t,t,t,t,t,t,t,t,n,t,t,t,t,t,t,t,t,t,t,t,t,t,t,t,t
5625,g,g,g,g,g,g,g,a,a,a,g,g,g,g,g,g,g,g,g,g,g,g,g,g,g,g,g,g,g,g,g,g
5856,c,c,c,n,c,c,c,c,c,c,c,c,t,t,t,c,c,c,n,c,c,c,c,c,c,n,c,c,c,c,c,c
5907,a,a,a,a,g,g,a,a,a,a,a,a,a,a,a,a,a,a,a,a,a,a,g,a,g,a,a,a,a,a,a,a
5988,g,g,g,g,g,g,g,n,g,g,n,g,g,g,g,n,g,g,g,g,g,g,g,g,g,g,g,g,g,g,c,g
6258,g,g,g,g,a,a,a,a,a,a,g,g,g,g,g,g,g,g,g,g,g,a,a,a,a,g,g,g,g,g,g,g
6285,c,c,c,c,c,c,c,c,c,c,c,c,c,c,c,c,c,c,c,c,c,c,c,c,c,c,c,c,c,c,t,c
6303,a,a,a,a,a,a,a,a,a,a,a,a,a,a,a,a,a,a,a,a,a,a,a,a,a,g,g,g,g,a,a,a
6339,c,c,c,c,c,c,c,c,c,c,c,c,c,c,c,c,c,c,c,c,c,c,c,c,c,c,c,c,c,t,c,c
6402,c,c,c,c,c,c,c,c,c,c,t,t,c,c,c,c,c,c,c,c,c,c,c,c,c,c,c,c,c,c,c,c
6471,g,g,g,g,a,a,a,a,a,a,g,g,g,g,g,g,g,g,g,g,g,a,a,a,a,g,g,g,g,g,g,g
6519,g,g,g,g,g,g,g,g,g,g,g,g,a,a,a,g,g,g,g,g,g,g,g,g,g,g,g,g,g,g,a,g
6555,t,t,t,t,t,t,t,t,t,t,c,c,t,t,t,t,t,t,t,t,t,t,t,t,t,t,t,t,t,t,t,t
6606,g,g,g,g,g,g,g,g,g,g,g,g,g,g,g,g,g,g,g,g,g,g,g,g,g,g,g,g,g,g,a,g
6684,t,t,t,t,t,t,t,t,t,t,t,t,t,t,t,t,t,t,t,t,t,t,t,t,t,c,t,t,t,t,t,t
6765,c,c,c,c,t,t,t,c,c,c,c,c,c,c,c,c,c,c,c,c,c,t,t,t,t,c,c,c,c,c,c,c
6948,t,t,t,c,t,t,t,t,t,t,t,t,t,t,t,t,t,t,c,t,t,t,t,t,t,t,t,t,t,t,t,t
6968,a,a,a,a,a,a,a,a,a,a,a,a,a,a,g,a,a,a,a,a,a,a,a,a,a,a,a,a,a,a,a,a
7015,t,t,t,t,c,c,c,t,t,t,t,t,t,t,t,t,t,t,t,t,t,c,c,c,c,t,t,t,t,t,t,t
7059,t,t,t,t,t,t,t,c,c,c,t,t,t,t,t,t,t,t,t,t,t,t,t,t,t,t,t,t,t,t,t,t
7113,a,a,a,a,a,a,a,g,g,g,a,a,a,a,a,a,a,a,a,a,a,a,a,a,a,a,a,a,a,a,a,a
7162,c,c,c,c,c,c,c,c,c,c,c,c,c,c,c,c,c,c,c,c,c,c,c,c,c,c,c,c,c,t,c,c
7170,t,c,t,t,t,t,t,t,t,t,t,t,t,t,t,t,t,t,t,t,t,t,t,t,t,t,t,t,t,t,t,t
7172,g,g,g,g,g,g,g,g,g,g,g,g,g,g,g,g,a,g,g,g,g,g,g,g,g,g,g,g,g,g,g,g
7187,c,c,c,c,c,c,c,a,a,a,c,c,c,c,c,c,c,c,c,c,c,c,c,c,c,c,c,c,c,c,c,c
7309,g,a,a,a,a,a,a,a,a,a,a,a,a,a,a,a,a,a,a,a,g,a,a,a,a,a,a,a,a,a,g,a
7384,a,a,a,a,a,a,a,a,a,a,a,a,a,a,a,a,a,a,a,a,a,a,a,a,a,g,a,g,a,a,a,a
7514,g,g,g,g,g,g,g,g,g,g,g,g,g,g,g,g,g,g,g,a,g,g,g,g,g,g,g,g,g,g,g,g
7594,t,t,t,t,t,t,t,t,t,t,c,c,t,t,t,t,t,t,t,t,t,t,t,t,t,t,t,t,t,t,t,t
7838,t,t,t,t,t,t,t,n,t,t,t,t,t,t,t,n,t,t,t,t,t,t,t,t,t,t,t,t,t,t,t,c
7863,c,c,c,c,c,c,c,n,a,c,c,c,c,c,c,n,c,c,c,c,c,c,c,c,c,c,c,c,c,c,c,c
7924,t,t,t,t,t,t,t,t,t,t,t,t,c,c,c,n,t,t,t,t,t,t,t,t,t,t,t,t,t,t,t,t
8102,g,g,g,g,a,a,a,g,g,g,g,g,g,g,g,g,g,g,g,g,g,a,a,a,a,g,g,g,g,g,g,g
8222,a,a,a,a,c,c,c,c,c,c,a,a,a,a,a,a,a,a,a,a,a,c,c,c,c,a,a,a,a,a,a,a
8226,t,t,t,t,c,c,c,c,c,c,t,t,t,t,t,t,t,t,t,t,t,c,c,c,c,t,t,t,t,t,t,t
8243,g,g,g,g,g,g,g,g,g,g,g,g,g,g,g,g,g,g,g,g,g,g,g,g,g,a,a,a,a,g,g,g
8282,t,t,t,t,c,c,c,c,c,c,c,c,c,c,c,t,t,t,t,t,t,c,c,c,c,c,c,c,c,c,c,c
8324,a,a,a,a,g,g,g,g,g,g,a,a,a,a,a,a,a,a,a,a,a,g,g,g,g,a,a,a,a,a,a,a
8426,g,g,g,g,a,a,a,a,a,a,g,g,g,g,g,g,g,g,g,g,g,a,a,a,a,g,g,g,g,g,g,g
8526,a,a,g,a,a,a,a,a,a,a,a,a,a,a,a,a,a,a,a,a,a,a,a,a,a,a,a,a,a,a,a,a
8570,a,a,a,a,g,g,g,a,a,a,a,a,a,a,a,a,a,a,a,a,a,g,g,g,g,a,a,a,a,a,a,a
8704,g,g,g,g,a,a,a,a,a,a,g,g,g,g,g,g,g,g,g,g,g,a,a,a,a,g,g,g,g,g,g,g
8737,t,t,t,t,c,c,c,t,t,t,t,t,t,t,t,t,t,t,t,t,t,c,c,c,c,t,t,t,t,t,t,t
8761,a,a,a,a,g,g,g,g,g,g,a,a,a,a,a,a,a,a,a,a,a,g,g,g,g,a,a,a,a,a,a,a
8765,g,g,g,g,t,t,t,t,t,t,g,g,g,g,g,g,g,g,g,g,g,t,t,t,t,g,g,g,g,g,g,g
8791,c,c,c,c,c,c,c,c,c,c,c,c,c,c,c,c,c,c,c,c,c,c,c,c,c,c,c,c,c,c,c,t
8818,a,a,a,a,g,g,g,a,a,a,a,a,a,a,a,a,a,a,a,a,a,g,g,g,g,a,a,a,a,a,a,a
8837,g,g,g,g,g,g,g,g,g,g,g,g,g,g,g,g,g,g,g,g,g,g,g,g,g,g,g,g,g,a,g,g
8851,a,a,a,a,a,a,a,a,a,a,a,a,a,a,a,a,a,a,a,a,a,a,a,a,a,a,g,a,a,a,a,a
8878,a,a,a,a,g,g,g,g,g,g,a,a,a,a,a,a,a,a,a,a,a,g,g,g,g,a,a,a,a,a,a,a
8985,g,g,g,g,g,g,g,g,g,g,g,g,g,g,g,g,g,g,g,g,g,g,g,g,g,g,g,g,g,g,g,c
8992,a,a,a,a,g,g,g,g,g,g,a,a,a,a,a,a,a,a,a,a,a,g,g,g,g,a,a,a,a,a,a,a
9043,c,c,c,c,c,c,c,c,c,c,c,c,c,c,c,c,c,c,c,c,c,c,c,c,c,c,c,t,c,c,c,c
9220,a,a,a,a,g,g,g,a,a,a,a,a,a,a,a,a,a,a,a,a,a,g,g,g,g,a,a,a,a,a,a,a
9223,c,c,c,c,c,c,c,t,t,t,c,c,c,c,c,c,c,c,c,c,c,c,c,c,c,c,c,c,c,c,c,c
9709,c,c,c,c,c,c,c,t,t,t,c,c,c,c,c,c,c,c,c,c,c,c,c,c,c,c,c,c,c,c,c,c
9826,g,g,g,g,a,a,a,g,g,g,g,g,g,g,g,g,g,g,g,g,g,a,a,a,a,g,g,g,g,g,g,g
9839,g,g,g,g,g,g,g,g,g,g,g,g,a,a,a,g,g,g,g,g,g,g,g,g,g,g,g,g,g,g,g,g
9862,-,-,-,-,-,-,-,a,a,a,-,-,-,-,-,-,-,-,-,-,-,-,-,-,-,-,-,-,-,-,-,-
9898,t,t,t,t,t,t,t,t,t,t,t,t,t,t,t,t,t,t,t,t,t,t,t,t,t,c,c,c,c,t,t,t
9914,t,t,t,t,t,t,t,t,t,t,t,t,t,t,t,n,t,-,t,t,t,t,t,t,t,t,t,t,t,t,-,-
9915,g,g,g,g,g,g,g,g,g,g,g,g,g,g,g,n,g,-,g,g,g,g,g,g,g,g,g,g,g,g,-,-
10261,g,g,g,g,a,a,a,g,g,g,g,g,g,g,g,g,g,g,g,g,g,a,a,a,a,g,g,g,g,g,g,g
10350,c,c,c,c,c,c,c,c,c,c,c,c,t,c,t,c,c,c,c,c,c,c,c,c,c,c,c,c,c,c,c,c
10408,c,c,c,c,t,t,t,t,t,t,c,c,c,c,c,c,c,c,c,c,c,t,t,t,t,c,c,c,c,c,c,c
10444,t,t,t,t,c,c,c,t,t,t,t,t,t,t,t,t,t,t,t,t,t,c,c,c,c,t,t,t,t,t,t,t
10537,a,a,a,a,t,t,t,t,t,t,a,a,a,a,a,n,a,a,a,a,a,t,t,t,t,a,a,a,a,a,a,a
10546,a,a,a,a,g,g,g,a,a,a,n,a,a,a,a,n,a,a,a,a,a,g,g,g,g,a,a,a,a,a,a,a
10615,a,a,a,a,a,a,a,a,a,a,n,t,a,a,a,n,a,a,a,a,a,a,a,a,a,a,a,a,a,a,a,a
10617,a,a,a,a,a,a,a,a,a,a,n,a,g,g,g,n,a,a,a,a,a,a,a,a,a,a,a,a,a,a,a,a
10777,t,t,t,t,t,t,t,t,t,t,t,t,t,t,t,n,t,t,t,t,t,t,t,c,t,t,t,t,t,t,t,t
10780,t,t,t,t,t,t,t,c,c,c,t,t,t,t,t,n,t,t,t,t,t,t,t,t,t,t,t,t,t,t,t,t
10789,a,a,a,a,a,a,a,g,g,g,a,a,a,a,a,a,a,a,a,a,a,a,a,a,a,a,a,a,a,a,a,a
10867,a,a,a,a,a,a,a,g,g,g,a,a,a,a,a,a,a,a,a,a,a,a,a,a,a,a,a,a,a,a,a,a
10921,g,g,g,g,a,a,a,a,a,a,g,g,g,g,g,g,g,g,g,g,g,a,a,a,a,g,g,g,g,g,g,g
10996,g,g,g,g,a,a,a,a,a,a,a,a,a,a,a,g,g,g,g,g,g,a,a,a,a,a,a,a,a,a,a,a
11176,a,a,a,a,a,a,a,a,a,a,a,a,g,g,g,a,a,a,a,a,a,a,a,a,a,a,a,a,a,a,a,a
11180,c,c,c,c,t,t,t,c,c,c,c,c,c,c,c,c,c,c,c,c,c,t,t,t,t,c,c,c,c,c,c,c
11254,t,t,t,t,c,c,c,c,c,c,t,t,t,t,t,t,t,t,t,t,t,c,c,c,c,t,t,t,t,t,t,t
11282,c,c,c,c,c,c,c,c,c,t,c,c,c,c,c,c,c,c,c,c,c,c,c,c,c,c,c,c,c,c,c,c
11326,t,t,t,t,t,t,t,c,c,c,t,t,t,t,t,t,t,t,t,t,t,t,t,t,t,t,t,t,t,t,t,t
11404,t,t,t,t,t,t,t,c,c,c,t,t,t,t,t,t,t,t,t,t,t,t,t,t,t,t,t,t,t,t,t,t
11406,t,t,t,t,c,c,c,c,c,c,t,t,t,t,t,t,t,t,t,t,t,c,c,c,c,t,t,t,t,t,t,t
11533,c,c,c,t,c,c,c,c,c,c,c,c,c,c,c,c,c,c,t,c,c,c,c,c,c,c,c,c,c,c,c,c
11576,a,a,a,a,a,a,a,c,c,c,a,a,a,a,a,a,a,a,a,a,a,a,a,a,a,a,a,a,a,a,a,a
11661,c,c,c,c,c,c,c,c,c,c,c,c,c,c,c,c,c,c,c,c,c,c,c,c,c,a,a,a,a,c,c,c
11817,a,a,a,a,a,a,a,a,a,a,a,a,a,a,a,n,a,a,a,a,a,a,a,a,a,g,g,g,g,a,a,a
11843,t,t,t,t,t,t,t,c,c,c,t,t,t,t,t,n,t,t,t,t,t,t,t,t,t,t,t,t,t,t,t,t
11911,t,t,t,t,t,t,t,t,t,t,t,t,t,t,t,t,t,t,t,t,t,t,t,t,t,t,c,t,t,t,t,t
11952,a,a,a,a,g,g,g,a,a,a,a,a,a,a,a,a,a,a,a,a,a,g,g,g,g,a,a,a,a,a,a,a
11967,c,c,c,c,t,t,t,t,t,t,c,c,c,c,c,c,c,c,c,c,c,t,t,t,t,c,c,c,c,c,c,c
12067,g,g,g,g,g,g,g,g,g,g,g,g,a,a,a,g,g,g,g,g,g,g,g,g,g,g,g,g,g,g,g,g
12126,c,c,c,c,c,c,c,t,t,t,c,c,c,c,c,c,c,c,c,c,c,c,c,c,c,c,c,c,c,c,c,c
12237,c,c,c,c,c,c,c,c,c,c,c,c,c,c,c,c,c,c,c,c,c,c,c,c,c,c,c,c,c,c,t,c
12276,t,t,t,t,t,t,t,c,c,c,t,t,t,t,t,t,t,t,t,t,t,t,t,t,t,t,t,t,t,t,t,t
12303,c,c,c,c,c,c,c,c,c,c,c,c,c,c,c,c,c,c,c,c,c,c,c,c,c,c,c,c,c,c,c,t
12334,a,a,a,a,a,a,a,g,g,g,a,a,a,a,a,a,a,a,a,a,a,a,a,a,a,a,a,a,a,a,a,a
12405,t,t,t,t,t,t,t,t,t,t,t,t,c,c,c,t,t,t,t,t,t,t,t,t,t,t,t,t,t,t,t,t
12408,t,t,t,t,t,t,t,t,t,t,t,t,t,t,t,t,t,t,t,t,t,t,t,t,t,t,t,t,t,c,t,t
12549,a,a,a,a,a,a,a,a,a,a,a,a,a,a,a,a,a,a,a,a,a,a,a,a,a,a,a,a,a,g,a,a
12640,t,t,t,t,t,t,t,c,c,c,t,t,t,t,t,t,t,t,t,t,t,t,t,t,t,t,t,t,t,t,t,t
12669,t,t,t,t,c,c,c,t,t,t,t,t,t,t,t,t,t,t,t,t,t,c,c,c,c,t,t,t,t,t,t,t
12792,t,t,t,t,c,c,c,c,c,c,t,t,t,t,t,t,t,t,t,t,t,c,c,c,c,t,t,t,t,t,t,t
12817,g,g,g,g,a,a,a,a,a,a,g,g,g,g,g,g,g,g,g,g,g,a,a,a,a,g,g,g,g,g,g,g
12880,c,c,c,c,c,c,c,c,c,c,c,c,c,c,c,c,c,c,c,c,c,c,c,c,c,c,c,c,c,c,t,c
12885,c,c,c,c,c,c,c,c,c,c,c,c,c,c,c,c,c,c,c,c,c,c,c,c,c,c,c,c,c,c,t,c
12893,c,c,c,c,c,c,c,c,c,c,c,c,c,c,c,c,c,c,c,c,c,c,c,c,c,c,c,c,c,c,t,c
13106,t,t,t,t,t,t,t,t,t,t,t,t,t,t,t,t,c,t,t,t,t,t,t,t,t,t,t,t,t,t,t,t
13116,g,g,g,g,g,g,g,a,a,a,g,g,g,g,g,g,g,g,g,g,g,g,g,g,g,g,g,g,g,g,g,g
13265,c,c,c,c,t,t,t,t,t,t,c,c,c,c,c,c,c,c,c,c,c,t,t,t,t,c,c,c,c,c,c,c
13598,g,g,g,g,a,a,a,g,g,g,g,g,g,g,g,g,g,g,g,g,g,a,a,a,a,g,g,g,g,g,g,g
13622,a,a,a,a,g,g,g,g,g,g,a,a,a,a,a,a,a,a,a,a,a,g,g,g,g,a,a,a,a,a,a,a
13664,c,c,c,c,t,t,t,t,t,t,c,c,c,c,c,c,c,c,c,c,c,t,t,t,t,c,c,c,c,c,c,c
13712,c,c,c,c,t,t,t,t,t,t,c,c,c,c,c,c,c,c,c,c,c,t,t,t,t,c,c,c,c,c,c,c
13751,t,t,t,t,t,t,t,t,t,t,t,t,t,t,t,t,t,t,t,t,t,t,t,t,t,t,c,t,t,t,t,t
13781,g,g,g,g,a,a,a,a,a,a,g,g,g,g,g,g,g,g,g,g,g,a,a,a,a,g,g,g,g,g,g,g
14184,t,t,t,t,t,t,t,t,t,t,t,t,t,t,t,t,t,t,t,t,t,t,t,t,t,t,t,t,t,c,t,t
14273,t,t,t,t,t,t,t,t,t,t,t,t,t,t,t,t,t,t,t,t,t,t,t,t,t,t,t,t,t,t,c,t
14538,g,g,g,g,g,g,g,g,g,g,g,g,g,g,g,g,g,g,g,g,g,g,g,g,g,a,g,g,g,g,g,g
14612,a,a,a,a,a,a,a,g,g,g,a,a,a,a,a,a,a,a,a,a,a,a,a,a,a,a,a,a,a,a,a,a
14651,t,t,t,t,t,t,t,c,c,c,t,t,t,t,t,t,t,c,t,t,t,t,t,t,t,t,t,t,t,t,t,t
14675,g,g,g,g,a,a,a,g,g,g,g,g,g,g,g,g,g,g,g,g,g,a,a,a,a,g,g,g,g,g,g,g
14696,g,g,g,g,g,g,g,a,a,a,g,g,g,g,g,g,g,g,g,g,g,g,g,g,g,g,g,g,g,g,g,g
14767,t,t,t,t,t,t,t,t,t,t,t,t,t,t,t,t,t,t,t,t,t,t,t,t,t,t,c,t,t,t,t,t
14934,t,t,t,t,c,c,c,t,t,t,t,t,t,t,t,n,t,t,t,t,t,c,c,c,c,t,t,t,t,t,t,t
14981,t,t,t,t,t,t,t,t,t,t,n,c,t,t,t,t,t,t,t,t,t,t,t,t,t,t,t,t,t,t,t,t
15189,t,t,t,t,t,t,t,c,c,c,t,t,t,t,t,t,t,t,t,t,t,t,t,t,t,t,t,t,t,t,t,t
15198,a,a,a,a,a,a,a,a,a,a,a,a,a,a,a,a,a,a,a,a,a,a,a,a,a,a,a,g,a,a,a,a
15218,g,g,g,g,a,a,a,a,a,a,a,a,a,a,a,g,g,g,g,g,g,a,a,a,a,a,a,a,a,a,a,a
15439,g,g,g,g,a,a,a,a,a,a,g,g,g,g,g,g,g,g,g,g,g,a,a,a,a,g,g,g,g,g,g,g
15479,t,t,t,t,t,t,t,t,t,t,t,t,t,t,t,t,t,t,t,t,t,t,t,t,t,c,t,t,t,t,t,t
15487,c,c,c,c,c,c,c,c,c,c,c,c,t,t,t,c,c,c,c,c,c,c,c,c,c,c,c,c,c,c,c,c
15512,c,c,c,c,c,c,c,t,t,t,c,c,c,c,c,c,c,c,c,c,c,c,c,c,c,c,c,c,c,c,c,c
15517,g,g,g,g,g,g,a,g,g,g,g,g,g,g,g,g,g,g,g,g,g,a,g,g,g,g,g,g,g,g,g,g
15530,c,c,c,c,t,t,t,t,t,t,c,c,c,c,c,c,c,c,c,c,c,t,t,t,t,c,c,c,c,c,c,c
15557,a,a,a,a,a,g,a,a,a,a,a,a,a,a,a,a,a,a,a,a,a,a,g,a,a,a,a,a,a,a,a,a
15599,c,c,c,c,t,t,t,c,c,c,c,c,c,c,c,c,c,c,c,c,c,t,t,t,t,c,c,c,c,c,c,c
15615,t,t,t,t,t,t,t,c,c,c,t,t,t,t,t,t,t,t,t,t,t,t,t,t,t,t,t,t,t,t,t,t
15616,t,t,t,t,c,c,c,t,t,t,t,t,t,t,t,t,t,t,t,t,t,c,c,c,c,t,t,t,t,t,t,t
15624,t,t,t,t,t,t,t,t,t,t,c,c,t,t,t,t,t,t,t,t,t,t,t,t,t,t,t,t,t,t,t,t
15629,t,t,t,t,t,t,t,t,t,t,t,t,t,t,t,c,c,c,t,t,t,t,t,t,t,t,t,t,t,t,t,t
15631,a,a,a,a,a,a,a,a,a,a,g,g,g,g,g,a,a,a,a,a,a,a,a,a,a,g,g,g,g,g,g,g
15636,c,c,c,c,t,t,t,c,c,c,c,c,c,c,c,c,c,c,c,c,c,t,t,t,t,t,t,t,t,c,c,c
15643,t,t,t,t,g,g,g,g,a,g,a,a,a,a,a,t,t,t,t,t,t,g,g,g,g,a,a,a,a,g,a,a
15647,a,a,a,a,g,g,g,a,a,a,a,a,a,a,a,a,a,a,a,a,a,g,g,g,g,a,a,a,a,a,a,a
15654,t,t,t,t,t,t,t,c,c,c,t,t,t,t,t,t,t,t,t,t,t,t,t,t,t,t,t,t,t,t,t,t
15656,g,g,g,g,a,a,a,g,g,g,g,g,g,g,g,g,g,g,g,g,g,a,a,a,a,g,g,g,g,g,g,g
15754,c,c,c,c,c,c,c,c,c,c,c,c,c,c,c,c,c,c,c,c,c,c,c,c,c,t,c,c,c,c,c,c
15804,t,t,t,t,c,c,c,c,c,c,t,t,t,t,t,t,t,t,t,t,t,c,c,c,c,t,t,t,t,t,t,t
15818,t,t,t,t,t,t,t,t,c,t,t,t,t,t,t,t,t,t,t,t,t,t,t,t,t,t,t,t,t,t,t,t
15819,t,t,t,t,c,c,c,t,t,t,t,t,t,t,t,t,t,t,t,t,t,c,c,c,c,t,t,t,t,t,t,t
15916,c,c,c,c,t,t,t,t,t,t,c,c,c,c,c,c,c,c,c,c,c,t,t,t,t,c,c,c,c,c,c,c
15935,a,a,a,a,a,a,-,-,-,-,a,a,a,a,a,a,a,a,a,a,a,-,a,a,a,a,a,a,a,a,a,a
15936,g,g,g,g,g,g,g,a,a,a,g,g,g,g,g,g,g,g,g,g,g,g,g,g,g,g,g,g,g,g,g,g
15959,c,c,c,c,t,t,t,t,t,t,t,t,c,c,c,c,c,c,c,c,c,t,t,t,t,c,c,c,c,c,c,c
16007,a,a,a,a,g,g,g,g,g,g,a,a,a,a,a,a,a,a,a,a,a,g,g,g,g,a,a,a,a,a,a,a
16029,c,c,c,c,t,t,t,t,t,t,t,t,t,t,t,t,t,t,c,c,c,t,t,t,t,c,t,c,c,c,c,c
16087,a,g,a,a,g,g,g,a,a,a,a,a,a,a,a,a,a,a,a,a,a,g,g,g,g,a,a,a,a,a,a,a
16132,g,g,g,g,a,a,a,g,g,g,g,g,g,g,g,g,g,g,g,g,g,a,a,a,a,g,g,g,g,g,g,g
16134,-,n,g,-,-,n,-,-,-,g,-,n,-,n,n,-,n,g,-,g,-,-,n,n,-,-,n,n,n,-,g,g
